epoch,time,train/box_loss,train/cls_loss,train/dfl_loss,metrics/precision(B),metrics/recall(B),metrics/mAP50(B),metrics/mAP50-95(B),val/box_loss,val/cls_loss,val/dfl_loss,lr/pg0,lr/pg1,lr/pg2
1,16.3124,0.41046,0.49962,0.99567,0.97478,0.98799,0.99476,0.99041,0.42146,0.44011,1.204,0.00031673,0.00031673,0.00031673
2,28.2438,0.41844,0.50898,1.00402,0.9577,0.96285,0.99147,0.95489,0.40914,0.52746,1.17931,0.000521404,0.000521404,0.000521404
3,42.324,0.41085,0.51273,0.99067,0.9275,0.91438,0.97119,0.91364,0.57684,0.77168,1.27347,0.000594052,0.000594052,0.000594052
4,57.1466,0.39726,0.45427,0.97883,0.97407,0.9237,0.968,0.94313,0.32673,0.62497,1.16239,0.000534674,0.000534674,0.000534674
5,68.7476,0.38217,0.4737,0.99137,0.75224,0.81711,0.89703,0.69552,0.80892,1.24952,1.39128,0.000343269,0.000343269,0.000343269
