epoch,time,train/box_loss,train/cls_loss,train/dfl_loss,metrics/precision(B),metrics/recall(B),metrics/mAP50(B),metrics/mAP50-95(B),val/box_loss,val/cls_loss,val/dfl_loss,lr/pg0,lr/pg1,lr/pg2
1,14.4454,0.3674,0.43749,0.98979,0.92922,0.89774,0.98104,0.88346,0.53951,0.99426,1.25084,0.00023338,0.00023338,0.00023338
2,24.4523,0.40479,0.48804,0.99552,0.91803,0.98864,0.96778,0.92976,0.25162,0.47007,1.1235,0.000387711,0.000387711,0.000387711
3,34.2774,0.37388,0.49256,0.99255,0.95963,0.97727,0.99434,0.9528,0.27732,0.3484,1.16792,0.000443022,0.000443022,0.000443022
4,44.1188,0.35922,0.45891,0.97314,0.93979,0.94089,0.98657,0.94677,0.25087,0.49063,1.14197,0.000399313,0.000399313,0.000399313
5,53.6807,0.33216,0.45178,0.96671,0.9074,0.99545,0.983,0.90892,0.41329,0.58631,1.2326,0.000256585,0.000256585,0.000256585
