epoch,time,train/box_loss,train/cls_loss,train/dfl_loss,metrics/precision(B),metrics/recall(B),metrics/mAP50(B),metrics/mAP50-95(B),val/box_loss,val/cls_loss,val/dfl_loss,lr/pg0,lr/pg1,lr/pg2
1,15.8686,0.38928,0.48783,0.98931,0.93624,0.96512,0.98343,0.90282,0.33496,0.7457,1.15449,0.00031673,0.00031673,0.00031673
2,27.7886,0.38359,0.4731,0.98728,0.95747,0.94186,0.9657,0.93299,0.40387,1.16773,1.20425,0.000521404,0.000521404,0.000521404
3,39.6399,0.4263,0.48922,1.00309,0.89859,0.90134,0.92713,0.92111,0.52743,0.80252,1.23574,0.000594052,0.000594052,0.000594052
4,51.0136,0.44063,0.52215,1.00019,0.89259,0.9186,0.95679,0.86055,0.4396,0.73922,1.24288,0.000534674,0.000534674,0.000534674
5,62.6811,0.40265,0.47303,1.00034,0.92861,0.94859,0.98096,0.92442,0.32476,0.66751,1.1737,0.000343269,0.000343269,0.000343269
