epoch,time,train/box_loss,train/cls_loss,train/dfl_loss,metrics/precision(B),metrics/recall(B),metrics/mAP50(B),metrics/mAP50-95(B),val/box_loss,val/cls_loss,val/dfl_loss,lr/pg0,lr/pg1,lr/pg2
1,14.0179,0.32984,0.42138,0.96765,0.94527,0.92614,0.95253,0.94399,0.23875,0.80203,1.13442,0.00023338,0.00023338,0.00023338
2,23.4235,0.38264,0.48566,0.98865,0.97955,0.9922,0.995,0.9894,0.25495,0.67271,1.13453,0.000387711,0.000387711,0.000387711
3,32.7544,0.36944,0.46649,0.99249,0.80216,0.89006,0.91381,0.82325,0.46995,0.86947,1.26656,0.000443022,0.000443022,0.000443022
4,41.9599,0.37378,0.45164,0.98004,0.96155,0.91477,0.9816,0.95845,0.27577,0.53589,1.14552,0.000399313,0.000399313,0.000399313
5,51.5639,0.3302,0.45642,0.96396,0.96516,0.97325,0.98265,0.95681,0.23747,0.60619,1.14202,0.000256585,0.000256585,0.000256585
