epoch,time,train/box_loss,train/cls_loss,train/dfl_loss,metrics/precision(B),metrics/recall(B),metrics/mAP50(B),metrics/mAP50-95(B),val/box_loss,val/cls_loss,val/dfl_loss,lr/pg0,lr/pg1,lr/pg2
1,14.0434,0.36394,0.43568,0.98738,0.98432,0.98466,0.995,0.97482,0.23944,0.47606,1.13867,0.00023338,0.00023338,0.00023338
2,23.2498,0.38444,0.44175,0.98596,0.99612,1,0.995,0.97123,0.18895,0.42824,1.1131,0.000387711,0.000387711,0.000387711
3,33.813,0.36138,0.42238,0.98031,0.82462,0.86709,0.82316,0.71807,0.49763,1.5612,1.2804,0.000443022,0.000443022,0.000443022
4,44.3046,0.36607,0.42989,0.96933,0.95379,1,0.99128,0.96438,0.30254,0.47409,1.14096,0.000399313,0.000399313,0.000399313
5,54.8148,0.33053,0.42558,0.96322,0.99649,1,0.995,0.96499,0.2939,0.32231,1.16061,0.000256585,0.000256585,0.000256585
