epoch,time,train/box_loss,train/cls_loss,train/dfl_loss,metrics/precision(B),metrics/recall(B),metrics/mAP50(B),metrics/mAP50-95(B),val/box_loss,val/cls_loss,val/dfl_loss,lr/pg0,lr/pg1,lr/pg2
1,15.1504,1.35084,2.68623,1.479,0.26315,0.88095,0.59075,0.42258,0.95076,12.2006,1.49909,0.00023338,0.00023338,0.00023338
2,24.6827,0.7177,1.09028,1.1677,0.85421,0.97,0.99021,0.84945,0.56514,2.73635,1.0046,0.000387711,0.000387711,0.000387711
3,34.5411,0.586,0.78421,1.08749,0.57066,0.9881,0.98485,0.88615,0.48034,3.50644,1.26434,0.000443022,0.000443022,0.000443022
4,44.2981,0.51897,0.65068,1.04043,0.8745,0.9881,0.98448,0.89756,0.43408,1.80798,1.24606,0.000399313,0.000399313,0.000399313
5,55.3246,0.44352,0.55432,1.01004,0.93043,1,0.9937,0.92782,0.31924,0.97933,1.19969,0.000256585,0.000256585,0.000256585
