epoch,time,train/box_loss,train/cls_loss,train/dfl_loss,metrics/precision(B),metrics/recall(B),metrics/mAP50(B),metrics/mAP50-95(B),val/box_loss,val/cls_loss,val/dfl_loss,lr/pg0,lr/pg1,lr/pg2
1,15.8456,0.37303,0.46237,0.98802,0.99031,0.96889,0.99312,0.98942,0.24906,0.42617,1.12673,0.00031673,0.00031673,0.00031673
2,27.6974,0.40754,0.48583,1.00115,0.99662,1,0.995,0.995,0.35249,0.45447,1.12575,0.000521404,0.000521404,0.000521404
3,39.5969,0.42112,0.51797,0.99164,0.97627,0.98649,0.98778,0.97079,0.25636,0.53893,1.12436,0.000594052,0.000594052,0.000594052
4,51.1487,0.36779,0.46957,0.96823,0.99334,1,0.995,0.97404,0.19291,0.38749,1.10391,0.000534674,0.000534674,0.000534674
5,62.7338,0.37575,0.44168,0.99056,0.97144,0.98574,0.98462,0.96884,0.19654,0.48654,1.09154,0.000343269,0.000343269,0.000343269
