epoch,time,train/box_loss,train/cls_loss,train/dfl_loss,metrics/precision(B),metrics/recall(B),metrics/mAP50(B),metrics/mAP50-95(B),val/box_loss,val/cls_loss,val/dfl_loss,lr/pg0,lr/pg1,lr/pg2
1,17.3436,0.4945,0.67472,1.04111,0.75753,0.91672,0.90401,0.86265,0.39382,2.19705,1.19517,0.00031673,0.00031673,0.00031673
2,29.5661,0.4424,0.59391,1.01642,0.7502,0.68056,0.75616,0.75612,1.34794,1.56292,1.67856,0.000521404,0.000521404,0.000521404
3,41.3363,0.48151,0.60217,1.02033,0.94428,0.98342,0.99043,0.94635,0.48045,0.56712,1.19406,0.000594052,0.000594052,0.000594052
4,52.7272,0.43116,0.51218,0.99448,0.89322,0.91878,0.97187,0.91881,0.34666,0.80827,1.15148,0.000534674,0.000534674,0.000534674
5,64.0773,0.41515,0.48178,1.00103,0.92726,0.97627,0.95532,0.89838,0.30376,0.47892,1.15651,0.000343269,0.000343269,0.000343269
