epoch,time,train/box_loss,train/cls_loss,train/dfl_loss,metrics/precision(B),metrics/recall(B),metrics/mAP50(B),metrics/mAP50-95(B),val/box_loss,val/cls_loss,val/dfl_loss,lr/pg0,lr/pg1,lr/pg2
1,17.2465,1.14823,2.34871,1.37794,0.30383,0.69421,0.42398,0.24254,0.65668,8.43384,1.1923,0.00031673,0.00031673,0.00031673
2,29.6423,0.59241,0.85937,1.0992,0.84958,0.93047,0.95178,0.93595,0.39566,2.35419,1.16908,0.000521404,0.000521404,0.000521404
3,44.1162,0.52377,0.70898,1.04557,0.73676,0.85,0.86791,0.81579,0.53517,2.43108,1.27201,0.000594052,0.000594052,0.000594052
4,56.8491,0.48139,0.58116,1.02215,0.9465,0.95,0.94751,0.92633,0.5636,0.80129,1.23732,0.000534674,0.000534674,0.000534674
5,69.8191,0.43892,0.53501,1.00418,0.96232,0.98272,0.99005,0.91961,0.33713,0.81235,1.20719,0.000343269,0.000343269,0.000343269
