epoch,time,train/box_loss,train/cls_loss,train/dfl_loss,metrics/precision(B),metrics/recall(B),metrics/mAP50(B),metrics/mAP50-95(B),val/box_loss,val/cls_loss,val/dfl_loss,lr/pg0,lr/pg1,lr/pg2
1,13.8241,0.46739,0.55427,1.02945,0.97859,0.97064,0.98109,0.92163,0.3615,0.85089,1.19986,0.00023338,0.00023338,0.00023338
2,23.1998,0.4263,0.58663,1.01159,0.93407,1,0.99363,0.97583,0.34051,1.44418,1.18532,0.000387711,0.000387711,0.000387711
3,33.8885,0.41027,0.55487,1.0071,0.77634,0.86585,0.94747,0.84107,0.42149,1.25421,1.25415,0.000443022,0.000443022,0.000443022
4,43.072,0.40693,0.50649,0.9919,0.97814,0.98673,0.9925,0.95955,0.322,0.8039,1.15831,0.000399313,0.000399313,0.000399313
5,52.4327,0.35348,0.47337,0.97782,0.99302,0.9878,0.99304,0.98153,0.18512,0.37169,1.09837,0.000256585,0.000256585,0.000256585
